{"loss": [0.400934636592865, 0.14449773728847504, 0.10609760135412216, 0.08893502503633499, 0.07780089974403381, 0.06978361308574677, 0.06291601061820984, 0.0591902993619442, 0.05297012999653816, 0.050575267523527145, 0.04650268703699112, 0.045719996094703674, 0.04107196629047394, 0.04151136800646782, 0.04014145955443382, 0.03784852847456932, 0.03654223680496216, 0.033989425748586655, 0.03244832903146744, 0.03168989717960358, 0.030172614380717278, 0.02988206036388874, 0.029453782364726067, 0.02905650995671749, 0.02725786529481411, 0.026282548904418945, 0.025784803554415703, 0.025886010378599167, 0.025078682228922844, 0.024782469496130943, 0.023243481293320656, 0.024451665580272675, 0.024082060903310776, 0.022338716313242912, 0.0216686874628067, 0.021966034546494484, 0.02044719085097313, 0.02108401618897915, 0.022124649956822395, 0.018887445330619812, 0.0204218327999115, 0.020495571196079254, 0.01889866590499878, 0.01922534592449665, 0.017423996701836586, 0.01820225454866886, 0.01824035868048668, 0.018411029130220413, 0.01852448470890522, 0.017343910411000252], "accuracy": [0.8741000294685364, 0.9553333520889282, 0.9674333333969116, 0.9717000126838684, 0.9761499762535095, 0.9779333472251892, 0.9802833199501038, 0.9811166524887085, 0.9830499887466431, 0.9839666485786438, 0.9850666522979736, 0.9850000143051147, 0.9865166544914246, 0.9865833520889282, 0.9868833422660828, 0.9877166748046875, 0.9883666634559631, 0.9887499809265137, 0.9892500042915344, 0.9896000027656555, 0.9901333451271057, 0.9901833534240723, 0.9898499846458435, 0.9900833368301392, 0.9905499815940857, 0.9911333322525024, 0.9915833473205566, 0.9908666610717773, 0.9913333058357239, 0.9916666746139526, 0.9919666647911072, 0.991349995136261, 0.991683304309845, 0.9925666451454163, 0.9925666451454163, 0.9923666715621948, 0.993066668510437, 0.9930833578109741, 0.9924333095550537, 0.9936833381652832, 0.9929500222206116, 0.9926666617393494, 0.9934333562850952, 0.9935666918754578, 0.9938833117485046, 0.9939666390419006, 0.9935166835784912, 0.9937000274658203, 0.9935666918754578, 0.9939333200454712], "val_loss": [0.10024350881576538, 0.05927233397960663, 0.050225451588630676, 0.04393944516777992, 0.03725516423583031, 0.03433205187320709, 0.03297404199838638, 0.03289538994431496, 0.03262965381145477, 0.029252108186483383, 0.03501153737306595, 0.02942100167274475, 0.02816041000187397, 0.027396535500884056, 0.029676184058189392, 0.026900777593255043, 0.02724725380539894, 0.03116120584309101, 0.03188847005367279, 0.029726849868893623, 0.029852760955691338, 0.031380895525217056, 0.03537222370505333, 0.02879561111330986, 0.030598923563957214, 0.030910873785614967, 0.02820865996181965, 0.027969229966402054, 0.029522687196731567, 0.027750425040721893, 0.02913523279130459, 0.030482294037938118, 0.02995447628200054, 0.031093578785657883, 0.032099634408950806, 0.030244311317801476, 0.03046552464365959, 0.03128828480839729, 0.03052484057843685, 0.029550259932875633, 0.03253021836280823, 0.03150190785527229, 0.034180235117673874, 0.03059295006096363, 0.032206661999225616, 0.033030539751052856, 0.031628645956516266, 0.03260567784309387, 0.03264092281460762, 0.031244387850165367], "val_accuracy": [0.9692999720573425, 0.9821000099182129, 0.9840999841690063, 0.9858999848365784, 0.9873999953269958, 0.9879000186920166, 0.9891999959945679, 0.9886000156402588, 0.9884999990463257, 0.9897000193595886, 0.9883000254631042, 0.9897000193595886, 0.9902999997138977, 0.9912999868392944, 0.989300012588501, 0.9909999966621399, 0.9905999898910522, 0.9901000261306763, 0.9890999794006348, 0.9901000261306763, 0.9912999868392944, 0.9905999898910522, 0.9891999959945679, 0.991100013256073, 0.9908000230789185, 0.9907000064849854, 0.991599977016449, 0.991599977016449, 0.9907000064849854, 0.9912999868392944, 0.991100013256073, 0.9912999868392944, 0.9908999800682068, 0.9901999831199646, 0.9902999997138977, 0.9916999936103821, 0.9905999898910522, 0.9901999831199646, 0.9915000200271606, 0.9916999936103821, 0.9909999966621399, 0.9908999800682068, 0.9904999732971191, 0.9912999868392944, 0.9914000034332275, 0.9921000003814697, 0.9915000200271606, 0.9916999936103821, 0.9905999898910522, 0.9922000169754028]}