{"loss": [0.6418852210044861, 0.40840548276901245, 0.36163467168807983, 0.33404070138931274, 0.31247377395629883, 0.30178290605545044, 0.28769543766975403, 0.2762652039527893, 0.26734867691993713, 0.2609270215034485, 0.2512649893760681, 0.24825817346572876, 0.23919208347797394, 0.23638418316841125, 0.23020820319652557, 0.22442223131656647, 0.21779553592205048, 0.2173713743686676, 0.21247978508472443, 0.20783621072769165, 0.20396214723587036, 0.1999122053384781, 0.198714017868042, 0.19496916234493256, 0.18966305255889893, 0.19029748439788818, 0.18846739828586578, 0.18428847193717957, 0.18553508818149567, 0.17934758961200714, 0.176465705037117, 0.17540988326072693, 0.1783868372440338, 0.17250578105449677, 0.16981831192970276, 0.17159968614578247, 0.16757577657699585, 0.16387416422367096, 0.16624385118484497, 0.16299688816070557, 0.1613241732120514, 0.16078610718250275, 0.15642204880714417, 0.15850548446178436, 0.15696360170841217, 0.15714694559574127, 0.15544582903385162, 0.15432295203208923, 0.15159475803375244, 0.15240256488323212], "accuracy": [0.7668666839599609, 0.8536666631698608, 0.8694166541099548, 0.8803499937057495, 0.8879500031471252, 0.8906499743461609, 0.8953999876976013, 0.899316668510437, 0.9038833379745483, 0.9042666554450989, 0.9088000059127808, 0.9092000126838684, 0.9123833179473877, 0.9142833352088928, 0.9146999716758728, 0.9173666834831238, 0.9204999804496765, 0.919866681098938, 0.9214166402816772, 0.9226833581924438, 0.9245833158493042, 0.925083339214325, 0.925000011920929, 0.9261500239372253, 0.9312499761581421, 0.9288333058357239, 0.9288166761398315, 0.9313666820526123, 0.9303500056266785, 0.9312666654586792, 0.9333000183105469, 0.9332666397094727, 0.9324833154678345, 0.9348999857902527, 0.9349166750907898, 0.9355499744415283, 0.9372833371162415, 0.9369000196456909, 0.9383333325386047, 0.9372666478157043, 0.939716637134552, 0.9395666718482971, 0.941100001335144, 0.9399666786193848, 0.9411500096321106, 0.9408666491508484, 0.9406999945640564, 0.9407833218574524, 0.9415833353996277, 0.9424166679382324], "val_loss": [0.3902416527271271, 0.3393475413322449, 0.3022727370262146, 0.2880353629589081, 0.2772423326969147, 0.2670755386352539, 0.2592487633228302, 0.2527150511741638, 0.25056540966033936, 0.25000154972076416, 0.24167700111865997, 0.2373596429824829, 0.23684270679950714, 0.23479123413562775, 0.23562611639499664, 0.2339332550764084, 0.23185832798480988, 0.23286782205104828, 0.2319912612438202, 0.23079755902290344, 0.2361675351858139, 0.23393738269805908, 0.2312999814748764, 0.23342524468898773, 0.225256085395813, 0.23010984063148499, 0.2346961498260498, 0.23276984691619873, 0.23156733810901642, 0.23410554230213165, 0.23886942863464355, 0.23385390639305115, 0.2356836199760437, 0.23436111211776733, 0.24303965270519257, 0.24341508746147156, 0.244094580411911, 0.2364373505115509, 0.23937185108661652, 0.2324306219816208, 0.23888257145881653, 0.2364477813243866, 0.24601608514785767, 0.24568092823028564, 0.24198581278324127, 0.24582551419734955, 0.24818551540374756, 0.2412317842245102, 0.25093936920166016, 0.2496298998594284], "val_accuracy": [0.864300012588501, 0.8751000165939331, 0.8907999992370605, 0.8950999975204468, 0.8974000215530396, 0.9006999731063843, 0.9060999751091003, 0.9104999899864197, 0.9081000089645386, 0.9067999720573425, 0.9117000102996826, 0.910099983215332, 0.9135000109672546, 0.9146999716758728, 0.9139000177383423, 0.91839998960495, 0.9168000221252441, 0.9162999987602234, 0.917900025844574, 0.9178000092506409, 0.9165999889373779, 0.9165999889373779, 0.9189000129699707, 0.9187999963760376, 0.921999990940094, 0.9187999963760376, 0.9190000295639038, 0.9168000221252441, 0.9179999828338623, 0.9186999797821045, 0.9164999723434448, 0.920799970626831, 0.9186999797821045, 0.9200000166893005, 0.9194999933242798, 0.9157000184059143, 0.9172999858856201, 0.9169999957084656, 0.9200999736785889, 0.9196000099182129, 0.9190999865531921, 0.9192000031471252, 0.9186999797821045, 0.9182000160217285, 0.919700026512146, 0.9168999791145325, 0.9182000160217285, 0.919700026512146, 0.9175000190734863, 0.9182999730110168]}